solution_id,binder_kg_m3,slag_fraction,effective_water_binder_ratio,pasta_kg_m3,carbon_kgCO2e_m3,cost_CNY_m3,strength_MPa,slump_mm,effective_water_kg_m3,absorbed_water_kg_m3,absolute_volume_m3,total_mass_kg_m3,constraint_violation,feasible,cement_kg_m3,slag_kg_m3,water_kg_m3,sand_kg_m3,coarse_kg_m3,compromise_distance,selected_roles,data_status,seed
S001,300.01357670684786,0.5499554868576716,0.4990364614337889,0.009590919896927369,144.71764866013152,278.15399808380226,40.00753216313079,216.2188112264102,149.71771370187994,0.007672735917541896,1.0,2404.599168039859,0.0,True,135.01946406512195,164.9941126417259,149.72538643779748,928.850613975317,1026.0,0.5773502691896257,minimum_carbon;minimum_cost,synthetic,42
S002,300.01357670684786,0.549335454010151,0.4954915552994652,0.009590919896927369,144.8690890424568,278.4418113295291,40.44532155620005,213.42008828980246,148.65419373343144,0.007672735917541896,1.0,2406.367466639728,0.0,True,135.2054823373823,164.80809436946555,148.66186646934898,931.6824325436345,1026.0,0.5705070975758073,,synthetic,42
S003,300.00925603049245,0.5486900877728261,0.4846635368649948,0.009277801093054011,145.05240295364192,279.24282714063435,41.75770995869541,204.79643312703595,145.40354711997423,0.007422240874443209,1.0,2411.745276355605,0.0,True,135.39715100646129,164.61210502403117,145.41096936084867,940.3157731631705,1026.0,0.5500192442753079,,synthetic,42
S004,300.00925603049245,0.5486900877728261,0.478383319722885,0.005499983559296241,145.07640642776042,279.68580351198716,42.515115508115564,199.77792613964874,143.51942384745993,0.004399986847436993,1.0,2414.8627043727633,0.0,True,135.39715100646129,164.61210502403117,143.52382383430736,945.3241245244044,1026.0,0.5382125441539997,,synthetic,42
S005,304.4628936019415,0.5489002330315719,0.46156512987266807,0.0005290967889341322,147.06940578176847,281.7601811743853,44.734480861548526,186.76358563125092,140.52945502678847,0.00042327743114730574,1.0,2420.332565046336,0.0,True,137.34314035436915,167.11975324757236,140.5298783042196,949.3392640433865,1026.0,0.5038926718118405,,synthetic,42
S006,306.3980195345547,0.5405443307406823,0.47822319164843147,0.02205771592418969,149.75892341881007,281.4777234434096,42.96816895422039,200.7526088538734,146.52663881657318,0.01764617273935175,1.0,2410.803868407957,0.0,True,140.77630712497833,165.62171240957636,146.54428498931253,931.8395061681655,1026.0,0.5315203547666707,,synthetic,42
S007,313.1752938699194,0.5486543111594534,0.4515501292286776,5.017435260033895e-05,151.03039890843473,284.27761150289996,46.333736319087876,179.6382988388379,141.4143444181912,4.0139482080271166e-05,1.0,2419.91527354995,0.0,True,141.35031873955938,171.82497513036003,141.4143845576733,939.3255449480047,1026.0,0.4799383196171805,,synthetic,42
S008,318.8336966345604,0.5488477125735781,0.4417475849021582,0.2479439448365424,153.55586551886344,286.0828074084101,47.51106367799469,171.9786589135131,140.84401547374443,0.1983551558692339,1.0,2420.9589222064833,0.0,True,143.8425515453038,174.9911450892566,141.04237062961366,934.8349109974728,1026.0,0.46270917932394834,,synthetic,42
S009,319.8164759926344,0.5414897977381896,0.4381615555641465,0.0001807541011715815,155.7291879181382,287.1169041070128,48.38237804212585,170.02123305513754,140.1312846159762,0.00014460328093726522,1.0,2422.9881007247805,0.0,True,146.63911709404223,173.1773588985922,140.13142921925714,937.0400147587875,1026.0,0.45005206998036557,,synthetic,42
S010,301.83102888012957,0.5029624309916927,0.4661662383082255,0.0001750838056028079,156.14981478823057,283.76477530422807,44.98302399805969,192.9380850493834,140.7034353377514,0.00014006704448224632,1.0,2420.738886750626,0.0,True,150.0213608458558,151.80966803427376,140.70357540479586,952.2041073818949,1026.0,0.5012466350230375,,synthetic,42
S011,330.174628354957,0.5440685539885192,0.42872124096541486,0.31588954148436105,159.8175594013561,289.7480756921355,49.61105515279597,162.8765080562899,141.5528764036318,0.25271163318748885,1.0,2421.097353850775,0.0,True,150.53699574217882,179.6376326127782,141.8055880368193,922.8012479175143,1026.0,0.43370089436999315,,synthetic,42
S012,332.13058785235893,0.5440685539885192,0.42863430607926856,0.31588954148436105,160.69313598118097,290.1683084233116,49.7095055165166,163.00255609711303,142.3625640517954,0.25271163318748885,1.0,2419.994661473727,0.0,True,151.42877918416917,180.70180866818976,142.6152756849829,918.9329083949007,1026.0,0.43272337910064534,,synthetic,42
S013,330.9210905023152,0.537943537558438,0.42324744807785475,0.026174878297139964,161.65243543072708,290.83739856908085,50.716689120068104,159.37419294156334,140.06150707024574,0.020939902637711973,1.0,2424.4555507183422,0.0,True,152.90422842480373,178.0168620775115,140.08244697288345,927.4258383648464,1026.0,0.4180887082827256,,synthetic,42
S014,340.41411717435614,0.5499611840089828,0.40987121602946025,0.6543790661694838,163.0239627509832,292.9000291941677,51.86764024409443,147.95914490121064,139.52594815984853,0.5235032529355871,1.0,2424.7448392564725,0.0,True,153.19956623977464,187.2145509345815,140.04945141278412,917.6268916031629,1026.0,0.4031050600559402,,synthetic,42
S015,340.94431046744523,0.5496134975530818,0.4112384650722627,0.024405751462645564,163.29045383071195,293.1206512845535,52.3771845906181,150.0717846241758,140.20941491175316,0.01952460117011645,1.0,2425.1269328102617,0.0,True,153.5567155206089,187.38759494683634,140.22893951292326,917.9292770784301,1026.0,0.3957012520362108,,synthetic,42
S016,347.0747737200111,0.5499554324004409,0.403868810372803,0.003892427401291809,165.9532700531517,295.0161966954192,53.551106042724314,144.7993610851151,140.17267597271066,0.0031139419210334477,1.0,2425.9545069665533,0.0,True,156.19911646353722,190.87565725647386,140.1757899146317,912.7000509045092,1026.0,0.38125972297333166,,synthetic,42
S017,347.0747737200111,0.5498143649761215,0.403868810372803,0.003892427401291809,165.98951890602618,295.02630845696063,53.5539273912107,144.80782513057426,140.17267597271066,0.0031139419210334477,1.0,2425.958057773959,0.0,True,156.24807740791215,190.82669631209893,140.1757899146317,912.7036017119146,1026.0,0.38124238367163804,,synthetic,42
S018,353.5137699077923,0.5436572907396813,0.39778753509904896,0.606217632780276,170.532672192765,297.18769801650984,54.083226991842075,140.05264117646712,140.62337115519307,0.48497410622422077,1.0,2424.7624917025396,0.0,True,161.32343152055088,192.19033838724144,141.1083452614173,903.5341589005496,1026.0,0.3781716973435492,,synthetic,42
S019,362.92943378388395,0.5499229243629579,0.39638590726184836,0.016290542008472242,173.02825906277826,299.07627946750176,55.15075865813258,140.3818579130769,143.86011288245376,0.013032433606777794,1.0,2421.727043803511,0.0,True,163.346218220058,199.58321556382595,143.87314531606054,888.9081741615585,1026.0,0.3668129642370415,,synthetic,42
S020,362.92943378388395,0.5459248612403892,0.39638590726184836,0.016290542008472242,174.10253616553325,299.375953333876,55.23071992058396,140.62174170043102,143.86011288245376,0.013032433606777794,0.9999999999999999,2421.8322761292106,0.0,True,164.7972330053641,198.13220077851986,143.87314531606054,889.0134064872578,1026.0,0.3666481953847164,,synthetic,42
S021,371.23791057152994,0.5499190015261707,0.39578805246017595,0.01296263395281963,176.71705890739312,300.9388867843644,55.59979197512514,140.73964898279428,146.9315296244908,0.010370107162255705,1.0,2417.6543547556603,0.0,True,167.08712946137234,204.1507811101576,146.94189973165305,873.4615818185247,1026.0,0.3655654002841528,,synthetic,42
S022,364.4091492696338,0.5286997719419145,0.39638590726184836,0.013965563102624035,179.41028179540268,300.9964707385496,55.64413599266223,141.80670607527324,144.44665124776213,0.011172450482099229,1.0,2421.501312949137,0.0,True,171.74611515723132,192.6630341124025,144.45782369824423,886.6203744181561,1026.0,0.3662749140533315,,synthetic,42
S023,371.23791057152994,0.5311392084711901,0.39543183160000595,0.012856488088114472,181.88039507831184,302.40978962097523,56.01824056752765,141.58161909675417,146.79928693665929,0.010285190470491578,1.0,2418.37841310351,0.0,True,174.05890059606907,197.17900997546087,146.80957212712977,874.3180739167624,1026.0,0.3652374821718209,,synthetic,42
S024,391.1680232913343,0.5489164384758753,0.39572228972065665,0.019261606759738127,185.8482141600618,305.36677281871295,56.51828477506916,142.73075538696662,154.79390584234997,0.015409285407790503,1.0,2407.0641539622375,0.0,True,176.44946510060683,214.71855819072746,154.80931512775777,835.0675539363856,1026.0,0.3673725016133737,,synthetic,42
S025,388.97366573848694,0.5264622938396444,0.39571807627497096,0.007020305154870222,191.3387025900158,306.69606481437893,56.88137814474711,143.87355950571452,153.92391072765764,0.0056162441238961774,1.0,2408.900060576744,0.0,True,184.193697430588,204.77996830789894,153.92952697178154,839.9898475613206,1026.0,0.36910337416167044,,synthetic,42
S026,412.5285948092237,0.5489164384758753,0.39572228972065665,0.019261606759738127,195.33853714218932,310.0259987934896,57.47951049337418,144.86681253875557,163.246760113151,0.015409285407790503,1.0,2395.657163829045,0.0,True,186.08486777708714,226.44372703213656,163.2621693985588,793.8471380145029,1026.0,0.37295954218751437,,synthetic,42
S027,384.63373623386843,0.5017608012642246,0.39077510546244343,0.027085812874703387,196.3986940697291,308.1312508749142,57.75318162763389,140.93718119817603,150.30528884120358,0.021668650299762712,1.0,2414.9908474986155,0.0,True,191.63960454791018,192.99413168595825,150.32695749150335,854.0030679603688,1026.0,0.36489615135403414,compromise,synthetic,42
S028,412.27976143211504,0.5264622938396444,0.39571821862166495,0.019051066071860218,202.08181242597567,311.88408195881624,57.918095198687084,146.186236811057,163.14661276768157,0.015240852857488175,0.9999999999999999,2396.4646721826684,0.0,True,195.2300125249024,217.04974890721263,163.16185362053906,795.0040060639426,1026.0,0.3777021255253566,,synthetic,42
S029,385.04104218152065,0.4717364891027482,0.3885980720375692,0.022612701742439047,205.1633892717675,310.81003834610397,58.63772042983431,141.04445344942886,149.62620664707526,0.018090161393951237,0.9999999999999999,2417.0097870899544,0.0,True,203.40313278234692,181.6379093991737,149.64429680846922,856.3018353982224,1026.0,0.36813836582231485,,synthetic,42
S030,384.63373623386843,0.448621151648659,0.39077510546244343,0.027085812874703387,211.53118915461533,312.352520506694,58.8159746199452,144.12556017510997,150.30528884120358,0.021668650299762712,1.0,2416.473172354405,0.0,True,212.07890652170383,172.5548297121646,150.32695749150335,855.4853928161585,1026.0,0.3760416636376033,,synthetic,42
S031,401.25170387379785,0.4624528186429368,0.39077510546244343,0.027085812874703387,216.04044103401225,315.194553838916,59.287149823856474,144.95745691944626,156.79917689826848,0.021668650299762712,1.0,2407.4528536729536,0.0,True,215.69172243207902,185.55998144171883,156.82084554856826,823.3532184377129,1026.0,0.3835794282791256,,synthetic,42
S032,371.3309217796384,0.3953449553064432,0.3926125979590747,0.00951524371668455,219.26867409192204,313.0909797826368,59.07996265895332,147.488200361262,145.7891979024418,0.00761219497334764,1.0,2423.720825707206,0.0,True,224.5271151047669,146.8038066748715,145.79681009741515,880.583578586436,1026.0,0.38240002729820555,,synthetic,42
S033,410.63051348964643,0.45948798910551847,0.39077510546244343,0.003826812874404565,221.70784178367137,317.67715719880954,59.79177341722119,146.10811615327665,160.4641822150139,0.0030614502995236523,1.0,2402.721135660028,0.0,True,221.95072458092233,188.6797889087241,160.46724366531342,805.6195516921936,1026.0,0.3916086854837776,,synthetic,42
S034,445.4290913681782,0.49000213835151724,0.39571807627497096,0.007020305154870222,229.38370048094072,322.62622290151387,60.15107540784576,151.70671139797128,176.26434315312375,0.0056162441238961774,1.0,2380.021822319499,0.0,True,227.16788411379756,218.26120725438068,176.26995939724765,732.315751248918,1026.0,0.4127984440607506,,synthetic,42
S035,398.56038978181994,0.39169505335652993,0.380507584003453,0.0007876988522612476,235.6020931493328,321.348285448698,61.83961867517059,140.75922143127423,151.65525099535483,0.0006301590818089981,1.0,2417.708685296409,0.0,True,242.4462566404306,156.11413314138932,151.65588115443666,841.4916266613003,1026.0,0.3986779950272625,,synthetic,42
S036,407.4054121648867,0.39169505335652993,0.380507584003453,0.0007876988522612476,240.5631665069796,323.5963455796645,62.23764468240859,141.6437236695809,155.02084909279202,0.0006301590818089981,1.0,2413.308159664673,0.0,True,247.8267275092223,159.57868465566435,155.02147925187384,824.8804805490605,1026.0,0.4090163724190699,,synthetic,42
S037,417.48096240469954,0.39534914990651115,0.3803857235205473,0.002162428075868158,245.08576031495343,325.8536093934934,62.63121091925685,142.33248242040332,158.80379794036602,0.0017299424606945267,0.9999999999999999,2408.265597734466,0.0,True,252.43021881584943,165.0507435888501,158.8055278828267,805.9769450188643,1026.0,0.41943451912365115,,synthetic,42
S038,428.95539834532656,0.3954431885706626,0.3807029759011507,0.0016137926008131503,251.45895331901286,328.72155603709746,63.108158175257756,143.72890855231225,163.30459667892936,0.0012910340806505203,1.0,2402.3299507540605,0.0,True,259.3279078690519,169.62749047627466,163.30588771301,784.0670509031231,1026.0,0.43428562309057706,,synthetic,42
S039,437.0639437266952,0.39545971861806595,0.3807029759011507,0.05910467226822882,255.98366617593325,330.7567994671836,63.41511651406514,144.45253496810378,166.39154403584593,0.04728373781458306,1.0,2398.1592412088185,0.0,True,264.2227595224341,172.84118420426108,166.4388277736605,768.5973650361946,1026.0,0.4454849231045546,,synthetic,42
S040,365.46405023238,0.22195381584733603,0.38802583555108383,0.02761889973496537,262.9333190965143,325.09576513072653,62.81606389353668,153.60841616366247,141.80949345530252,0.022095119787972295,1.0,2434.078642452449,0.0,True,284.34790972828074,81.11614050409923,141.83158857509048,900.7553847452436,1026.0,0.43779431298088145,,synthetic,42
S041,401.3448340498248,0.2933904202072778,0.37422679540900483,0.5692514921228111,266.4520834768469,330.62246848816346,64.10652076905465,141.05861728156546,150.19399110042477,0.45540119369824894,1.0,2422.046196797481,0.0,True,283.5941045399265,117.75072950989826,150.649392294123,843.4827189614103,1026.0,0.45350988678548215,,synthetic,42
S042,388.061205764075,0.2530500511351473,0.3783922608774888,0.011028031884016826,269.5581686448887,329.98090613759626,64.38365025097315,146.32038416246365,146.83935700791272,0.00882242550721346,1.0,2428.1651959887704,0.0,True,289.86229780190894,98.19890796216609,146.84817943341994,867.2447827593917,1026.0,0.45335836708512073,,synthetic,42
S043,388.061205764075,0.23182850609928457,0.3783922608774888,0.011028031884016826,275.6552460664397,331.6817101106244,64.80808115169039,147.59367686461542,146.83935700791272,0.00882242550721346,1.0,2428.7624437895424,0.0,True,298.0975561567024,89.96364960737259,146.84817943341994,867.8420305601636,1026.0,0.4655149538426616,,synthetic,42
S044,387.91264713290644,0.22006073780184982,0.3702123132954974,0.0007558519319471966,278.9741027811224,333.3289608469539,66.02862090041279,141.75633730367966,143.6100384516533,0.0006046815455577573,1.0,2434.424246373583,0.0,True,302.54830380217044,85.36434333073602,143.61064313319886,876.900200255546,1026.0,0.4692322513446303,,synthetic,42
S045,392.00428756885054,0.21315240826874682,0.3691824402841352,0.015320587130324137,283.8008758956464,335.17334606425885,66.4599243123851,141.73425560737294,144.72109948651214,0.01225646970425931,1.0,2433.3383108919297,0.0,True,308.4476296218757,83.55665794697487,144.7333559562164,870.5853467797324,1026.0,0.48102475750115914,,synthetic,42
S046,392.00428756885054,0.21315240826874682,0.36918338982634924,0.2926159333859065,283.8230173381285,335.0888870468983,66.1799533401414,141.3190722217608,144.72147171113127,0.23409274670872524,1.0,2432.704641716005,0.0,True,308.4476296218757,83.55665794697487,144.95556445783998,869.4521737559281,1026.0,0.4822317077193642,,synthetic,42
S047,384.88049736526295,0.16280444703752583,0.36799489234638694,0.052231775774265965,293.21806664474633,337.1791772698587,67.2518327385936,143.0373491277229,141.6340571941538,0.041785420619412775,1.0,2438.7323786451175,0.0,True,322.2202408161834,62.660256549079556,141.67584261477322,886.123806889307,1026.0,0.49871353978616256,,synthetic,42
S048,386.3130724638254,0.14573692196164065,0.3662182195020151,0.006054697746254851,299.1512590523642,339.15192348174105,67.91710768387033,142.85258548367682,141.47488556805507,0.004843758197003881,1.0,2439.7890861494125,0.0,True,330.01299436940326,56.30007809442215,141.47972932625208,885.9902296615888,1026.0,0.5123549043769755,,synthetic,42
S049,386.3130724638254,0.13343289936836983,0.3635797110930159,0.002515805035917751,302.68322038340165,340.3736893886422,68.48334894742868,141.4853284511392,140.45559527785295,0.002012644028734201,1.0,2441.823712205077,0.0,True,334.766199141074,51.546873322751374,140.45760792188167,889.0505160143343,1026.0,0.5201890055614906,,synthetic,42
S050,386.22266821247507,0.10154598965668694,0.3630801721535887,0.015595454267656343,311.7366382010646,342.93026798448165,69.16387686718353,142.97025198331573,140.2297928642038,0.012476363414125075,1.0,2443.0461072096273,0.0,True,347.00330514099306,39.21936307148203,140.24226922761792,890.5655743152668,1026.0,0.5416245548428267,,synthetic,42
S051,385.96702185731874,0.09445204907520645,0.3630801721535887,0.015873881704080425,313.56542992286313,343.4143206886987,69.29397290253688,143.3699061415343,140.1369727415632,0.012699105363264341,1.0,2443.3584993384507,0.0,True,349.51164576744,36.45537608987875,140.14967184692645,891.2259317525017,1026.0,0.5459128798742306,,synthetic,42
S052,389.15562758705045,0.086546746307266,0.36337803941916413,0.026239722980725744,318.33328757375494,345.03853755149447,69.54944320629967,144.38582993112928,141.4106089815168,0.020991778384580596,1.0,2441.940730808989,0.0,True,355.47547421222913,33.68015337482134,141.43160075990136,885.3272627390563,1026.0,0.5588908854428377,,synthetic,42
S053,399.3137027874677,0.10418644024359806,0.3607403712865205,0.009400212426773927,321.1252955271849,347.0986871772036,69.98714040283504,142.2583805747071,144.04857340334638,0.007520169941419142,1.0,2438.6643303866745,0.0,True,357.71062955355137,41.60307323391638,144.0560935732878,869.285133813492,1026.0,0.5700986700263206,,synthetic,42
S054,386.22266821247507,0.052731348369959276,0.3632811179157473,0.007508120858239456,325.69328520400677,346.8082507823033,70.12414914025791,146.07201807036046,140.3074026726307,0.006006496686591565,1.0,2444.303818450589,0.0,True,365.85662614658787,20.36604206588722,140.31340916931728,891.7602329479381,1026.0,0.5756247869253348,,synthetic,42
S055,399.3137027874677,0.08485963043828454,0.3607403712865205,0.010227669289239474,326.8390804790076,348.6922999906033,70.37284865484209,143.41674797773223,144.04857340334638,0.00818213543139158,1.0,2439.222136707251,0.0,True,365.42808953998025,33.8856132474875,144.05675553877776,869.8414507117167,1026.0,0.5842423436998062,,synthetic,42
S056,393.07904895183736,0.05208664712975039,0.35762509433157863,0.02272979324035187,331.4786431914744,349.62761682654843,71.10906764790286,142.24868684280108,140.57493196116806,0.018183834592281494,1.0,2444.908117243313,0.0,True,372.6048792349851,20.474169716852234,140.59311579576035,885.213222702475,1026.0,0.5933403505230324,,synthetic,42
S057,392.28370599693386,0.016055014905072912,0.36292604800521533,0.03269961560726274,341.2710506299192,351.7939312612559,71.14780901758164,148.55685868615035,142.36997511430698,0.026159692485810196,1.0,2442.8253837080556,0.0,True,385.98558525013584,6.298120746798014,142.3961348067928,882.1128432887219,1026.0,0.6173287499333876,,synthetic,42
S058,388.00406335000866,0.0017028664046157835,0.3629609623350583,0.0016399018662575562,341.79966192413536,351.51291383617786,71.26917005990649,149.06454436597122,140.83032822343208,0.001311921493006045,0.9999999999999999,2445.166243656228,0.0,True,387.3433442656755,0.660719084333144,140.83164014492507,890.3289002594275,1026.0,0.6167773469232867,,synthetic,42
S059,393.16480008805786,0.001955512438890982,0.35752109244955005,0.008025146340353284,346.1400764169788,353.74055601651384,72.1427475828092,145.20398550260185,140.5647088401914,0.006420117072282627,1.0,2446.4012617394033,0.0,True,392.39596143095156,0.7688386571062834,140.57112895726368,886.6573075477412,1026.0,0.6307491967947448,,synthetic,42
S060,401.22078167434586,0.01404237063351188,0.35465248814962375,0.014297873741149214,349.4104771941728,355.7463722218789,72.60148517810352,142.9800796385111,142.2939485181437,0.011438298992919371,1.0,2444.4595791367865,0.0,True,395.58669075220735,5.634090922138516,142.30538681713662,874.9191127715629,1026.0,0.6431703618325326,,synthetic,42
S061,401.22078167434586,0.01404237063351188,0.35344861857764504,0.014406053647768627,349.41671675961123,355.8596069079092,72.74584125367869,142.01682171106825,141.81093102744046,0.011524842918214902,1.0,2445.256311025727,0.0,True,395.58669075220735,5.634090922138516,141.82245587035868,876.1986674273745,1026.0,0.6434021137056789,,synthetic,42
S062,417.6219771624426,0.03568083317734139,0.3516747029260197,0.0041756497764304686,356.5257671285196,359.7219561012415,73.27423178478276,140.9548465917549,146.867084753979,0.003340519821144375,1.0,2438.868303637168,0.0,True,402.720877064118,14.901100098324589,146.87042527380012,848.371725551149,1026.0,0.6694653106241648,,synthetic,42
S063,417.6219771624426,0.030456469542686302,0.3516891837070001,0.006198435342715847,358.14118053775286,360.17052518417194,73.37495794865544,141.2768588562691,146.87313224636287,0.004958748274172678,1.0,2439.0119392414495,0.0,True,404.9026861346382,12.719291027804367,146.87809099463703,848.505672649027,1026.0,0.6736981903469418,,synthetic,42
S064,417.6219771624426,0.01432039279312653,0.3516747029260197,0.006198435342715847,363.1303995461372,361.5636840258786,73.69941717736427,142.23343883645833,146.867084753979,0.004958748274172678,1.0,2439.510635932588,0.0,True,411.64146641043425,5.9805107520082945,146.87204350225315,849.010416832549,1026.0,0.6868265265663815,,synthetic,42
S065,417.7219165909051,0.012899019526126303,0.3512040236958267,0.006198435342715847,363.65653239650925,361.7662784424309,73.78882342460827,141.95217179117023,146.70561789265838,0.004958748274172678,1.0,2439.835875733997,0.0,True,412.3337134323081,5.388203158596988,146.71057664093254,849.3971840668164,1026.0,0.6883776762452191,,synthetic,42
S066,422.5733800965452,0.014006443901503266,0.34857861640841264,0.11530943021689993,367.41663283137217,363.5425209337367,74.19053093914714,140.10688035696907,147.30004416507998,0.09224754417351995,0.9999999999999999,2439.337572584152,0.0,True,416.6546297539543,5.918750342590877,147.3922917092535,843.2565913481366,1026.0,0.701107128331219,,synthetic,42
S067,425.2630649399281,0.01404237063351188,0.34861093032841056,0.012431382678931787,369.65875667582856,364.48100043311035,74.41024285136007,140.55386144469216,148.25135270301962,0.00994510614314543,1.0,2438.4258741748235,0.0,True,419.29136336529837,5.9717015746297015,148.26129780916276,838.8890800430538,1026.0,0.708260031537342,,synthetic,42
S068,425.2630649399281,0.014006443901503266,0.34861093032841056,0.1570308499115846,369.6816166302257,364.4401590206206,74.26562679431113,140.33911784776367,148.25135270301962,0.1256246799292677,1.0,2438.096866979706,0.0,True,419.3066416774656,5.956423262462443,148.3769773829489,838.2997938069177,1026.0,0.7082597386483044,,synthetic,42
S069,445.3341900526668,0.03491885183207141,0.349006416456853,7.817607814590566e-06,379.650144785529,369.3402780154648,74.86088372329657,141.64340933441306,155.42448979599635,6.254086251672453e-06,1.0,2429.1097634260846,0.0,True,429.78363145446224,15.550558598204603,155.4244960500826,802.3510695057273,1026.0,0.7434584261969537,,synthetic,42
S070,445.3341900526668,0.03491885183207141,0.349006416456853,0.0160555711228103,379.65142644233526,369.3353952189953,74.84482823634248,141.61933770414058,155.42448979599635,0.012844456898248242,1.0,2429.073126999171,0.0,True,429.78363145446224,15.550558598204603,155.4373342528946,802.285547122487,1026.0,0.7434514549833148,,synthetic,42
S071,445.3341900526668,0.02975762546218249,0.34776647293585783,7.528993255671856e-06,381.35896968482217,369.94446292644136,75.11290176182847,140.96112853273212,154.87230055236293,6.023194604537485e-06,1.0,2430.187568920379,0.0,True,432.08210201957513,13.252088033091654,154.87230657555753,803.9810647631615,1026.0,0.7484545880491792,,synthetic,42
S072,445.3341900526668,0.013172461567244179,0.34899260436257984,4.61694522943968e-05,386.8202031322179,371.34180203193677,75.2974306279993,142.93708554711745,155.4183387981803,3.693556183551744e-05,1.0,2429.822170101538,0.0,True,439.46804254961825,5.866147503048569,155.41837573374212,803.0695581456772,1026.0,0.7626602781696221,,synthetic,42
S073,452.3587871176927,0.014445916556747975,0.34526320465283244,0.01806009653214543,392.3283863763149,373.99939868622465,76.01757264927656,140.55259729583213,156.182844493123,0.014448077225716345,1.0,2429.5861376711055,0.0,True,445.8240498252788,6.53473729241391,156.19729257034874,795.0119978865315,1026.0,0.7818973448448958,,synthetic,42
S074,453.8835538955122,0.001931753098754166,0.34530223092667683,0.007754506363234376,397.81436133989405,375.6903849630036,76.34210084178743,141.50260318542257,156.72700374104892,0.006203605090587501,1.0,2429.3641613904974,0.0,True,453.006762933801,0.8767909617112092,156.7332073461395,792.7396456424824,1026.0,0.7973758668111914,,synthetic,42
S075,458.01967281063025,0.002170520882531224,0.34317347521023134,0.016118951666388714,401.26196562890834,377.31222490534725,76.77053108731552,140.18633776879662,157.1802028330771,0.012895161333110972,1.0,2429.24530335497,0.0,True,457.02553154618465,0.9941412644455916,157.1930979944102,788.0164135982628,1026.0,0.8093836767085539,,synthetic,42
S076,459.88841329736516,0.00015638693029166846,0.342883210704753,0.01614464139276712,403.537450888361,378.1764784261404,76.9297131143291,140.26180971563227,157.688015717315,0.012915713114213696,1.0,2428.770861376954,0.0,True,459.8164927601329,0.07192053723228106,157.70093143042922,785.1653720077669,1026.0,0.816496580927726,maximum_strength,synthetic,42
